Epoch,Train/Loss,Train_Metrics/Accuracy_Top1,Train_Metrics/Accuracy_Top5,Val/Loss,Val_Metrics/Accuracy_Top1,Val_Metrics/Accuracy_Top5,LR/Pg0,LR/Pg1,LR/Pg2
1,2.6883048977170674,0.2576840600428878,0.5741601143674053,1.8782505601644517,0.447347585114806,0.8052256532066508,0.0005,0.0005,0.0005
2,1.5354451090948922,0.552180128663331,0.8597212294496068,1.3512593448162078,0.5914489311163895,0.9002375296912114,0.0005,0.0005,0.0005
3,1.2109018216814313,0.6427805575411007,0.9086847748391709,1.1474125683307648,0.6579572446555819,0.9160728424386382,0.0005,0.0005,0.0005
4,1.0494059576307024,0.68084345961401,0.9317369549678342,1.2349305346608161,0.6334125098970704,0.9105304829770388,0.0005,0.0005,0.0005
5,0.9404839774540492,0.705325232308792,0.9476411722659042,1.077411924302578,0.6745843230403801,0.9271575613618369,0.0005,0.0005,0.0005
6,0.8769064756802151,0.7371336669049321,0.952108649035025,1.1171778820455074,0.6611243072050673,0.9263657957244655,0.0005,0.0005,0.0005
7,0.8074595393453325,0.7580414581844175,0.958541815582559,1.2177918754518031,0.6595407759303247,0.9026128266033254,0.0005,0.0005,0.0005
